frac_mu_Mbc_scf_argus_gauss,m_mu_Mbc_scf_argus,c_mu_Mbc_scf_argus,p_mu_Mbc_scf_argus,mu_mu_Mbc_scf_gauss,sigma_mu_Mbc_scf_gauss
0.609679102897644,5.2832794189453125,-208.81346130371094,0.5042780041694641,5.280994892120361,0.004823737777769566
