frac_mu_Mbc_bkg_argus_gauss,m_mu_Mbc_bkg_argus,c_mu_Mbc_bkg_argus,p_mu_Mbc_bkg_argus,mu_mu_Mbc_bkg_gauss,sigma_mu_Mbc_bkg_gauss
0.8016315698623657,5.288817882537842,-86.78005981445312,0.45562443137168884,5.279420375823975,0.0036889000330120325
