mu_mu_Mbc_signal_cb,sigma_mu_Mbc_signal_cb,alpha_mu_Mbc_signal_cb,n_mu_Mbc_signal_cb
5.279331684112549,0.002632793039083481,2.7000234127044678,9.330714225769043
