frac_mu_Mbc_bkg_argus_gauss,m_mu_Mbc_bkg_argus,c_mu_Mbc_bkg_argus,p_mu_Mbc_bkg_argus,mu_mu_Mbc_bkg_gauss,sigma_mu_Mbc_bkg_gauss
0.9684756398200989,5.288956165313721,-31.13064956665039,0.574806272983551,5.282242298126221,0.003442039480432868
