mu_mu_Mbc_signal_cb,sigma_mu_Mbc_signal_cb,alpha_mu_Mbc_signal_cb,n_mu_Mbc_signal_cb
5.279284477233887,0.0026019220240414143,2.648998737335205,3.649923324584961
