coeff0_ele_deltaE_bkg_poly,coeff1_ele_deltaE_bkg_poly
-0.34055426716804504,-0.045857373625040054
