coeff0_mu_deltaE_bkg_poly,coeff1_mu_deltaE_bkg_poly
-0.06465332955121994,-0.11044393479824066
