frac_mu_Mbc_bkg_argus_gauss,m_mu_Mbc_bkg_argus,c_mu_Mbc_bkg_argus,p_mu_Mbc_bkg_argus,mu_mu_Mbc_bkg_gauss,sigma_mu_Mbc_bkg_gauss
0.9490848779678345,5.28915548324585,-47.66902160644531,0.5632435083389282,5.278623580932617,0.003003129968419671
