frac_mu_Mbc_scf_argus_gauss,m_mu_Mbc_scf_argus,c_mu_Mbc_scf_argus,p_mu_Mbc_scf_argus,mu_mu_Mbc_scf_gauss,sigma_mu_Mbc_scf_gauss
0.7260770818489238,5.289221490660865,-103.57749615634444,0.4875526866126469,5.26872463307923,0.013658774760894082
