frac_ele_Mbc_bkg_argus_gauss,m_ele_Mbc_bkg_argus,c_ele_Mbc_bkg_argus,p_ele_Mbc_bkg_argus,mu_ele_Mbc_bkg_gauss,sigma_ele_Mbc_bkg_gauss
0.8943395614624023,5.2892069816589355,-69.70780181884766,1.1247700452804565,5.2762370109558105,0.009882990270853043
