coeff0_mu_deltaE_bkg_poly,coeff1_mu_deltaE_bkg_poly
-0.17357176542282104,-0.0046455697156488895
