coeff0_ele_deltaE_bkg_poly,coeff1_ele_deltaE_bkg_poly
-0.31965914368629456,0.1071019247174263
