mu_ele_Mbc_signal_cb,sigma_ele_Mbc_signal_cb,alpha_ele_Mbc_signal_cb,n_ele_Mbc_signal_cb
5.279603481292725,0.002678611548617482,2.2619223594665527,5.033281326293945
