frac_mu_Mbc_bkg_argus_gauss,m_mu_Mbc_bkg_argus,c_mu_Mbc_bkg_argus,p_mu_Mbc_bkg_argus,mu_mu_Mbc_bkg_gauss,sigma_mu_Mbc_bkg_gauss
0.7772693037986755,5.28891134262085,-114.81437683105469,0.61915522813797,5.279926776885986,0.0033314935863018036
