frac_ele_Mbc_scf_argus_gauss,m_ele_Mbc_scf_argus,c_ele_Mbc_scf_argus,p_ele_Mbc_scf_argus,mu_ele_Mbc_scf_gauss,sigma_ele_Mbc_scf_gauss
0.6940557956695557,5.287184715270996,-185.1232147216797,0.5270058512687683,5.279512405395508,0.005983937997370958
