mu_mu_Mbc_signal_cb,sigma_mu_Mbc_signal_cb,alpha_mu_Mbc_signal_cb,n_mu_Mbc_signal_cb
5.279649257659912,0.0025500799529254436,1.9739209413528442,157.40548706054688
