frac_mu_Mbc_bkg_argus_gauss,m_mu_Mbc_bkg_argus,c_mu_Mbc_bkg_argus,p_mu_Mbc_bkg_argus,mu_mu_Mbc_bkg_gauss,sigma_mu_Mbc_bkg_gauss
0.9490625858306885,5.289156436920166,-47.66803741455078,0.5634552240371704,5.278621673583984,0.0030061781872063875
