mu_mu_Mbc_signal_cb,sigma_mu_Mbc_signal_cb,alpha_mu_Mbc_signal_cb,n_mu_Mbc_signal_cb
5.279598712921143,0.0028314979281276464,4.078320503234863,0.0009750814642757177
