coeff0_ele_deltaE_bkg_poly,coeff1_ele_deltaE_bkg_poly
-0.43829140067100525,-0.07196679711341858
