frac_ele_Mbc_bkg_argus_gauss,m_ele_Mbc_bkg_argus,c_ele_Mbc_bkg_argus,p_ele_Mbc_bkg_argus,mu_ele_Mbc_bkg_gauss,sigma_ele_Mbc_bkg_gauss
0.8997942209243774,5.289727687835693,-50.75398635864258,0.5560837984085083,5.278064727783203,0.005276146344840527
