coeff0_mu_deltaE_bkg_poly,coeff1_mu_deltaE_bkg_poly
-0.24252936244010925,0.04365537315607071
