frac_ele_Mbc_bkg_argus_gauss,m_ele_Mbc_bkg_argus,c_ele_Mbc_bkg_argus,p_ele_Mbc_bkg_argus,mu_ele_Mbc_bkg_gauss,sigma_ele_Mbc_bkg_gauss
0.7191398739814758,5.288456916809082,-131.6763153076172,0.3764697015285492,5.278772830963135,0.004858389496803284
