m_mu_Mbc_bkg_argus,c_mu_Mbc_bkg_argus,p_mu_Mbc_bkg_argus
53606.97494230464,-142.68387689322452,0.40148466630902635
