frac_mu_Mbc_bkg_argus_gauss,m_mu_Mbc_bkg_argus,c_mu_Mbc_bkg_argus,p_mu_Mbc_bkg_argus,mu_mu_Mbc_bkg_gauss,sigma_mu_Mbc_bkg_gauss
0.7775212278023101,5.289469589494574,-118.75305427577543,0.4381189423359389,5.280121699252159,0.005167523671335304
