m_ele_Mbc_bkg_argus,c_ele_Mbc_bkg_argus,p_ele_Mbc_bkg_argus
5.2889909744262695,-177.79940795898438,0.4943721294403076
