frac_ele_Mbc_scf_argus_gauss,m_ele_Mbc_scf_argus,c_ele_Mbc_scf_argus,p_ele_Mbc_scf_argus,mu_ele_Mbc_scf_gauss,sigma_ele_Mbc_scf_gauss
0.4282946288585663,5.289001941680908,-220.5934600830078,0.6866233348846436,5.278345108032227,0.004999169148504734
