frac_mu_Mbc_bkg_argus_gauss,m_mu_Mbc_bkg_argus,c_mu_Mbc_bkg_argus,p_mu_Mbc_bkg_argus,mu_mu_Mbc_bkg_gauss,sigma_mu_Mbc_bkg_gauss
0.7657977342605591,5.288457870483398,-104.27252197265625,0.2870510220527649,5.27856969833374,0.004720206838101149
