mu_mu_Mbc_signal_cb,sigma_mu_Mbc_signal_cb,alpha_mu_Mbc_signal_cb,n_mu_Mbc_signal_cb
5.279625415802002,0.0028130195569247007,2.8223190307617188,3.1395342350006104
