m_ele_Mbc_bkg_argus,c_ele_Mbc_bkg_argus,p_ele_Mbc_bkg_argus
5.289349555969238,-51.484073638916016,0.6389583945274353
