frac_mu_Mbc_bkg_argus_gauss,m_mu_Mbc_bkg_argus,c_mu_Mbc_bkg_argus,p_mu_Mbc_bkg_argus,mu_mu_Mbc_bkg_gauss,sigma_mu_Mbc_bkg_gauss
0.872981607913971,5.289001941680908,-44.92715835571289,0.3097876310348511,5.278380393981934,0.0021711101289838552
