frac_ele_Mbc_bkg_argus_gauss,m_ele_Mbc_bkg_argus,c_ele_Mbc_bkg_argus,p_ele_Mbc_bkg_argus,mu_ele_Mbc_bkg_gauss,sigma_ele_Mbc_bkg_gauss
0.7771800903567052,5.293162817932518,-86.52644091958912,0.4612723871110525,5.279339855615236,0.0032076779574725265
