frac_mu_Mbc_scf_argus_gauss,m_mu_Mbc_scf_argus,c_mu_Mbc_scf_argus,p_mu_Mbc_scf_argus,mu_mu_Mbc_scf_gauss,sigma_mu_Mbc_scf_gauss
0.5835162997245789,5.289000988006592,-92.59967041015625,0.3135884404182434,5.278843402862549,0.004757055547088385
