frac_mu_Mbc_bkg_argus_gauss,m_mu_Mbc_bkg_argus,c_mu_Mbc_bkg_argus,p_mu_Mbc_bkg_argus,mu_mu_Mbc_bkg_gauss,sigma_mu_Mbc_bkg_gauss
0.9638635516166687,5.288414001464844,-36.41155242919922,0.45633867383003235,5.280268669128418,0.004481474868953228
