frac_mu_deltaE_scf_poly_gauss,coeff0_mu_deltaE_scf_poly,coeff1_mu_deltaE_scf_poly,mu_mu_deltaE_scf_gauss,sigma_mu_deltaE_scf_gauss
0.9038581848144531,-0.10444129258394241,-0.39139583706855774,0.019114183261990547,0.026971468701958656
