frac_ele_Mbc_bkg_argus_gauss,m_ele_Mbc_bkg_argus,c_ele_Mbc_bkg_argus,p_ele_Mbc_bkg_argus,mu_ele_Mbc_bkg_gauss,sigma_ele_Mbc_bkg_gauss
0.8300843238830566,5.287459373474121,-69.876220703125,0.24207483232021332,5.279108047485352,0.0036216741427779198
