mu_ele_Mbc_signal_cb,sigma_ele_Mbc_signal_cb,alpha_ele_Mbc_signal_cb,n_ele_Mbc_signal_cb
5.279533863067627,0.00297645409591496,2.7728331089019775,1.5673620700836182
