frac_mu_Mbc_bkg_argus_gauss,m_mu_Mbc_bkg_argus,c_mu_Mbc_bkg_argus,p_mu_Mbc_bkg_argus,mu_mu_Mbc_bkg_gauss,sigma_mu_Mbc_bkg_gauss
0.7817782163619995,5.289092540740967,-61.73855972290039,0.46100959181785583,5.279780387878418,0.0033221235498785973
