frac_mu_Mbc_bkg_argus_gauss,m_mu_Mbc_bkg_argus,c_mu_Mbc_bkg_argus,p_mu_Mbc_bkg_argus,mu_mu_Mbc_bkg_gauss,sigma_mu_Mbc_bkg_gauss
0.7689099907875061,5.2889838218688965,-66.1592788696289,0.45914945006370544,5.278191089630127,0.00484613748267293
