mu_mu_Mbc_signal_cb,sigma_mu_Mbc_signal_cb,alpha_mu_Mbc_signal_cb,n_mu_Mbc_signal_cb
5.279173374176025,0.00281569454818964,4.551128387451172,16.022138595581055
