frac_ele_Mbc_bkg_argus_gauss,m_ele_Mbc_bkg_argus,c_ele_Mbc_bkg_argus,p_ele_Mbc_bkg_argus,mu_ele_Mbc_bkg_gauss,sigma_ele_Mbc_bkg_gauss
0.816450834274292,5.287187576293945,-55.9349365234375,2.6300613171770237e-05,5.279754161834717,0.004433814901858568
